make_model,year,price_usd,price_som,transmission,color,body_type,engine_cap,engine_type,wheel_pos,mileage,city,car_link,age,count,mean_price,deviation
Subaru Tribeca,2006,7000,611310,автомат,серый,внедорожник 5 дв.,3.0,бензин,руль слева,112 465 км,Бишкек,https://www.mashina.kg/details/subaru-tribeca-63e7d55600a50135562577,17,8.0,10462.375,0.33
Mercedes-Benz S-класс,2006,11000,960630,автомат,черный,седан,3.5,бензин,руль слева,200 000 км,Бишкек,https://www.mashina.kg/details/mercedes-benz-s-klass-63e6f87d62974075984894,17,48.0,13342.25,0.18
Toyota Prius,2011,7500,654975,автомат,белый,хэтчбек 5 дв.,1.8,гибрид,руль справа,169 000 км,Бишкек,https://www.mashina.kg/details/toyota-prius-63e7451625b6f430006979,12,38.0,10973.684210526317,0.32
Toyota Camry,2005,8200,716106,автомат,черный,седан,2.4,бензин,руль слева,200 000 км,Бишкек,https://www.mashina.kg/details/toyota-camry-63e743d61ff1d569367493,18,94.0,10589.170212765956,0.23
Honda CR-V,2005,7200,628776,автомат,зеленый,внедорожник 5 дв.,2.0,бензин,руль слева,258 832 км,Бишкек,https://www.mashina.kg/details/honda-cr-v-63e7331b92ff6061558415,18,63.0,11719.047619047618,0.39
BMW 5 Серия,2006,7300,637509,автомат,серый,седан,2.5,бензин,руль слева,1 000 км,Бишкек,https://www.mashina.kg/details/bmw-5-seriya-63e772a542425923758415,17,8.0,9612.5,0.24
Mercedes-Benz E-класс,2005,7600,663708,автомат,серебристый,седан,2.1,дизель,руль слева,25 000 км,Бишкек,https://www.mashina.kg/details/mercedes-benz-e-klass-63e793e5ea1c9459203026,18,45.0,10544.155555555555,0.28
Toyota Crown,2007,10000,873300,автомат,белый,седан,3.5,бензин,руль справа,136 000 км,Бишкек,https://www.mashina.kg/details/toyota-crown-63e7deda6a139534455154,16,45.0,12127.777777777776,0.18
Toyota Crown,2007,9300,812169,автомат,серебристый,седан,3.5,бензин,руль справа,177 000 км,Бишкек,https://www.mashina.kg/details/toyota-crown-63e7a6084650b336672555,16,45.0,12127.777777777776,0.23
Toyota Crown,2007,10000,873300,автомат,серебристый,седан,3.5,бензин,руль справа,170 000 км,Бишкек,https://www.mashina.kg/details/toyota-crown-63e720aba2dce266726566,16,45.0,12127.777777777776,0.18
Mercedes-Benz S-класс,2006,11000,960520,автомат,черный,седан,3.5,бензин,руль слева,200 000 км,Бишкек,https://www.mashina.kg/details/mercedes-benz-s-klass-63e6f87d62974075984894,17,47.0,13392.08510638298,0.18
Hyundai Sonata,2016,10500,916860,автомат,серебристый,седан,2.0,газ,руль слева,173 000 км,Бишкек,https://www.mashina.kg/details/hyundai-sonata-63e677a8e2c69252429838,7,464.0,12900.342672413792,0.19
Mercedes-Benz S-класс,2006,11000,960520,автомат,черный,седан,3.5,бензин,руль слева,200 000 км,Бишкек,https://www.mashina.kg/details/mercedes-benz-s-klass-63e6f87d62974075984894,17,46.0,13444.08695652174,0.18
Hyundai Sonata,2016,10500,916860,автомат,серебристый,седан,2.0,газ,руль слева,173 000 км,Бишкек,https://www.mashina.kg/details/hyundai-sonata-63e677a8e2c69252429838,7,459.0,12907.100217864923,0.19
Hyundai Getz,2005,4524,395000,автомат,бирюзовый,хэтчбек 5 дв.,1.4,бензин,руль слева,100 000 км,Бишкек,https://www.mashina.kg/details/hyundai-getz-63e529cae1390500136514,18,6.0,5506.666666666667,0.18
Mazda 3,2005,4569,399000,автомат,золотистый,седан,1.6,бензин,руль слева,300 000 км,Бишкек,https://www.mashina.kg/details/mazda-3-63e4de34176cf174588510,18,11.0,5407.454545454545,0.16
Toyota Mark X,2005,6642,580000,автомат,серебристый,седан,2.5,бензин,руль справа,233 000 км,Бишкек,https://www.mashina.kg/details/toyota-mark-x-63e4ca152ea29792661342,18,45.0,7938.2444444444445,0.16
Honda Jazz,2011,8200,716024,вариатор,белый,хэтчбек 5 дв.,1.5,бензин,руль слева,126 000 км,Бишкек,https://www.mashina.kg/details/honda-jazz-63e4ebdfb8226206663754,12,12.0,9750.0,0.16
Subaru Tribeca,2008,10200,890664,автомат,серый,внедорожник 5 дв.,3.6,бензин,руль слева,240 000 км,Бишкек,https://www.mashina.kg/details/subaru-tribeca-63e525ec55ddb529552599,15,11.0,12327.272727272728,0.17
Honda Fit,2006,6400,558848,вариатор,серый,хэтчбек 5 дв.,1.3,бензин,руль справа,214 000 км,Бишкек,https://www.mashina.kg/details/honda-fit-63e4b105d3463645335890,17,65.0,8293.23076923077,0.23
Honda Jazz,2011,8000,698560,вариатор,белый,хэтчбек 5 дв.,1.5,бензин,руль слева,126 000 км,Бишкек,https://www.mashina.kg/details/honda-jazz-63e4ebdfb8226206663754,12,12.0,9750.0,0.18
Kia K5 I Седан,2010,9000,785880,автомат,черный,седан,2.0,газ,руль слева,250 000 км,Бишкек,https://www.mashina.kg/details/kia-k5-63e4cab93abe9701758440,13,13.0,10715.384615384615,0.16
Honda Fit,2006,6400,558848,вариатор,серый,хэтчбек 5 дв.,1.3,бензин,руль справа,214 000 км,Бишкек,https://www.mashina.kg/details/honda-fit-63e4b105d3463645335890,17,62.0,8309.935483870968,0.23
Hyundai Getz,2005,4524,395000,автомат,бирюзовый,хэтчбек 5 дв.,1.4,бензин,руль слева,100 000 км,Бишкек,https://www.mashina.kg/details/hyundai-getz-63e529cae1390500136514,18,5.0,5703.2,0.21
Mazda 3,2005,4569,399000,автомат,золотистый,седан,1.6,бензин,руль слева,300 000 км,Бишкек,https://www.mashina.kg/details/mazda-3-63e4de34176cf174588510,18,10.0,5491.3,0.17
Toyota Mark X,2005,6642,580000,автомат,серебристый,седан,2.5,бензин,руль справа,233 000 км,Бишкек,https://www.mashina.kg/details/toyota-mark-x-63e4ca152ea29792661342,18,42.0,7930.452380952381,0.16
Toyota Alphard,2005,10500,916860,автомат,черный,минивэн,2.4,бензин,руль слева,290 000 км,Бишкек,https://www.mashina.kg/details/toyota-alphard-63e6406a3ac17134256514,18,23.0,12446.173913043478,0.16
Honda Jazz,2011,8000,698560,вариатор,белый,хэтчбек 5 дв.,1.5,бензин,руль слева,126 000 км,Бишкек,https://www.mashina.kg/details/honda-jazz-63e4ebdfb8226206663754,12,11.0,9909.09090909091,0.19
Subaru Tribeca,2008,10200,890664,автомат,серый,внедорожник 5 дв.,3.6,бензин,руль слева,240 000 км,Бишкек,https://www.mashina.kg/details/subaru-tribeca-63e525ec55ddb529552599,15,10.0,12540.0,0.19
Toyota Prius,2011,7500,654900,автомат,белый,хэтчбек 5 дв.,1.8,гибрид,руль справа,169 000 км,Бишкек,https://www.mashina.kg/details/toyota-prius-63e483dce5e9d297886751,12,37.0,11067.567567567568,0.32
Toyota Alphard,2005,10500,916860,автомат,черный,минивэн,2.4,бензин,руль слева,290 000 км,Бишкек,https://www.mashina.kg/details/toyota-alphard-63e6406a3ac17134256514,18,22.0,12534.636363636364,0.16
Honda Jazz,2011,8000,698560,вариатор,белый,хэтчбек 5 дв.,1.5,бензин,руль слева,126 000 км,Бишкек,https://www.mashina.kg/details/honda-jazz-63e4ebdfb8226206663754,12,10.0,10100.0,0.21
Subaru Tribeca,2008,10200,890664,автомат,серый,внедорожник 5 дв.,3.6,бензин,руль слева,240 000 км,Бишкек,https://www.mashina.kg/details/subaru-tribeca-63e525ec55ddb529552599,15,9.0,12800.0,0.2
Kia K5 I Седан,2010,9000,785880,автомат,черный,седан,2.0,газ,руль слева,250 000 км,Бишкек,https://www.mashina.kg/details/kia-k5-63e4cab93abe9701758440,13,12.0,10858.333333333334,0.17
Honda Fit,2006,6400,558848,вариатор,серый,хэтчбек 5 дв.,1.3,бензин,руль справа,214 000 км,Бишкек,https://www.mashina.kg/details/honda-fit-63e4b105d3463645335890,17,59.0,8328.338983050848,0.23
Hyundai Getz,2005,4524,395000,автомат,бирюзовый,хэтчбек 5 дв.,1.4,бензин,руль слева,100 000 км,Бишкек,https://www.mashina.kg/details/hyundai-getz-63e529cae1390500136514,18,4.0,5998.0,0.25
Mazda 3,2005,4569,399000,автомат,золотистый,седан,1.6,бензин,руль слева,300 000 км,Бишкек,https://www.mashina.kg/details/mazda-3-63e4de34176cf174588510,18,9.0,5593.777777777777,0.18
Toyota Mark X,2005,6642,580000,автомат,серебристый,седан,2.5,бензин,руль справа,233 000 км,Бишкек,https://www.mashina.kg/details/toyota-mark-x-63e4ca152ea29792661342,18,39.0,7921.461538461538,0.16
Honda Accord,2008,9300,812076,автомат,синий,седан,2.0,бензин,руль слева,268 000 км,Бишкек,https://www.mashina.kg/details/honda-accord-63e49c4eddedb190842699,15,49.0,11032.897959183674,0.16
Toyota Avensis,2005,7000,611240,автомат,синий,седан,1.8,бензин,руль справа,260 000 км,Бишкек,https://www.mashina.kg/details/toyota-avensis-63e48814d1d9d533338837,18,13.0,8392.307692307691,0.17
Toyota Prius,2011,7500,654900,автомат,белый,хэтчбек 5 дв.,1.8,гибрид,руль справа,169 000 км,Бишкек,https://www.mashina.kg/details/toyota-prius-63e483dce5e9d297886751,12,36.0,11166.666666666666,0.33
Toyota Corolla,2005,4180,365000,автомат,синий,седан,1.5,бензин,руль слева,172 000 км,Бишкек,https://www.mashina.kg/details/toyota-corolla-63e4b4939495e992417714,18,9.0,6466.222222222223,0.35
Subaru Tribeca,2008,10200,887196,автомат,серый,внедорожник 5 дв.,3.6,бензин,руль слева,240 000 км,Бишкек,https://www.mashina.kg/details/subaru-tribeca-63e525ec55ddb529552599,15,8.0,13125.0,0.22
Hyundai Sonata,2016,7500,652350,автомат,белый,седан,2.4,бензин,руль слева,72 000 км,Бишкек,https://www.mashina.kg/details/hyundai-sonata-63e5243a7a232256279942,7,436.0,12930.410550458717,0.42
BMW X5,2007,11500,1000270,автомат,черный,внедорожник 5 дв.,4.8,бензин,руль слева,311 000 км,Бишкек,https://www.mashina.kg/details/bmw-x5-63e4a48ea9208939359813,16,4.0,13925.0,0.17
BMW 5 Серия,2009,12000,1043760,автомат,черный,седан,2.5,бензин,руль слева,166 000 км,Бишкек,https://www.mashina.kg/details/bmw-5-seriya-63e4bd4ca3d71081763578,14,13.0,14230.53846153846,0.16
Toyota Prius,2005,7500,652350,автомат,бордовый,хэтчбек 5 дв.,1.5,гибрид,руль слева,195 000 км,Бишкек,https://www.mashina.kg/details/toyota-prius-63e3a52285ad4443196542,18,22.0,9045.454545454546,0.17
Hyundai Sonata,2016,10300,895894,автомат,белый,седан,2.0,газ,руль слева,430 000 км,Бишкек,https://www.mashina.kg/details/hyundai-sonata-63e3968c9a6de811216061,7,436.0,12930.410550458717,0.2
BMW 5 Серия,2006,7800,678444,автомат,серый,седан,3.0,бензин,руль слева,300 000 км,Бишкек,https://www.mashina.kg/details/bmw-5-seriya-63e39562ea85a810098745,17,6.0,10216.666666666666,0.24
Honda Fit,2006,6400,556672,вариатор,серый,хэтчбек 5 дв.,1.3,бензин,руль справа,214 000 км,Бишкек,https://www.mashina.kg/details/honda-fit-63e4b105d3463645335890,17,55.0,8421.309090909092,0.24
Kia K5 I Седан,2010,9000,782820,автомат,черный,седан,2.0,газ,руль слева,250 000 км,Бишкек,https://www.mashina.kg/details/kia-k5-63e4cab93abe9701758440,13,11.0,11027.272727272728,0.18
Toyota Mark X,2005,6668,580000,автомат,серебристый,седан,2.5,бензин,руль справа,233 000 км,Бишкек,https://www.mashina.kg/details/toyota-mark-x-63e4ca152ea29792661342,18,36.0,7951.916666666667,0.16
Lexus RX,2005,9500,826310,автомат,голубой,внедорожник 5 дв.,3.0,бензин,руль справа,170 000 км,Бишкек,https://www.mashina.kg/details/lexus-rx-63e4b9cdca8d6758408004,18,29.0,14433.103448275862,0.34
Volkswagen Passat,2009,6200,539276,автомат,хамелеон,седан,1.8,бензин,руль слева,198 563 км,Бишкек,https://www.mashina.kg/details/volkswagen-passat-63e3911ddf5dc257623483,14,7.0,8414.285714285714,0.26
Mercedes-Benz E-класс,2007,8200,713236,автомат,белый,седан,2.1,дизель,руль слева,419 235 км,Бишкек,https://www.mashina.kg/details/mercedes-benz-e-klass-63e38c0dc20a6497396484,16,21.0,11328.57142857143,0.28
Honda CR-V,2006,9500,826310,автомат,черный,внедорожник 5 дв.,2.0,бензин,руль справа,137 000 км,Бишкек,https://www.mashina.kg/details/honda-cr-v-63e367d4eb930691140459,17,25.0,12244.0,0.22
Honda Accord,2010,8500,739330,автомат,черный,седан,2.4,бензин,руль слева,200 000 км,Бишкек,https://www.mashina.kg/details/honda-accord-63e305f6c4d6e841107955,13,16.0,11993.75,0.29
Honda Accord,2008,9300,808914,автомат,синий,седан,2.0,бензин,руль слева,268 000 км,Бишкек,https://www.mashina.kg/details/honda-accord-63e49c4eddedb190842699,15,48.0,11069.0,0.16
Toyota Camry,2013,10300,895894,автомат,черный,седан,2.5,бензин,руль слева,100 000 км,Бишкек,https://www.mashina.kg/details/toyota-camry-63e33703c3458827705222,10,52.0,14105.76923076923,0.27
Honda Jazz,2011,8000,695840,вариатор,белый,хэтчбек 5 дв.,1.5,бензин,руль слева,126 000 км,Бишкек,https://www.mashina.kg/details/honda-jazz-63e4ebdfb8226206663754,12,9.0,10333.333333333334,0.23
Toyota Avensis,2005,7000,608860,автомат,синий,седан,1.8,бензин,руль справа,260 000 км,Бишкек,https://www.mashina.kg/details/toyota-avensis-63e48814d1d9d533338837,18,11.0,8572.727272727272,0.18
Toyota Prius,2011,7500,652350,автомат,белый,хэтчбек 5 дв.,1.8,гибрид,руль справа,169 000 км,Бишкек,https://www.mashina.kg/details/toyota-prius-63e483dce5e9d297886751,12,35.0,11271.42857142857,0.33
Honda Elysion,2005,9000,782820,автомат,серебристый,минивэн,2.4,бензин,руль справа,280 000 км,Бишкек,https://www.mashina.kg/details/honda-elysion-63e388f2353cd149269089,18,13.0,11061.53846153846,0.19
Lexus RX,2005,8700,756726,автомат,голубой,внедорожник 5 дв.,3.0,бензин,руль справа,170 000 км,Бишкек,https://www.mashina.kg/details/lexus-rx-63e34dc0b4012610931871,18,29.0,14433.103448275862,0.4
Toyota Corolla,2005,4196,365000,автомат,синий,седан,1.5,бензин,руль слева,172 000 км,Бишкек,https://www.mashina.kg/details/toyota-corolla-63e4b4939495e992417714,18,8.0,6750.0,0.38
Honda Fit,2006,5900,513182,вариатор,красный,хэтчбек 5 дв.,1.3,бензин,руль справа,300 000 км,Бишкек,https://www.mashina.kg/details/honda-fit-63e3672521a30092322109,17,55.0,8421.309090909092,0.3
Honda Accord,2010,8500,738225,автомат,черный,седан,2.4,бензин,руль слева,200 000 км,Бишкек,https://www.mashina.kg/details/honda-accord-63e305f6c4d6e841107955,13,16.0,11993.75,0.29
Toyota Camry,2013,10300,894555,автомат,черный,седан,2.5,бензин,руль слева,100 000 км,Бишкек,https://www.mashina.kg/details/toyota-camry-63e33703c3458827705222,10,52.0,14105.76923076923,0.27
Toyota Prius,2005,7500,651375,автомат,бордовый,хэтчбек 5 дв.,1.5,гибрид,руль слева,195 000 км,Бишкек,https://www.mashina.kg/details/toyota-prius-63e3a52285ad4443196542,18,22.0,9045.454545454546,0.17
Mercedes-Benz E-класс,2007,8200,712170,автомат,белый,седан,2.1,дизель,руль слева,419 235 км,Бишкек,https://www.mashina.kg/details/mercedes-benz-e-klass-63e38c0dc20a6497396484,16,21.0,11328.57142857143,0.28
Honda Elysion,2005,9000,781650,автомат,серебристый,минивэн,2.4,бензин,руль справа,280 000 км,Бишкек,https://www.mashina.kg/details/honda-elysion-63e388f2353cd149269089,18,13.0,11061.53846153846,0.19
Hyundai Sonata,2016,10300,894555,автомат,белый,седан,2.0,газ,руль слева,430 000 км,Бишкек,https://www.mashina.kg/details/hyundai-sonata-63e3968c9a6de811216061,7,436.0,12930.410550458717,0.2
BMW 5 Серия,2006,7800,677430,автомат,серый,седан,3.0,бензин,руль слева,300 000 км,Бишкек,https://www.mashina.kg/details/bmw-5-seriya-63e39562ea85a810098745,17,6.0,10216.666666666666,0.24
Volkswagen Passat,2009,6200,538470,автомат,хамелеон,седан,1.8,бензин,руль слева,198 563 км,Бишкек,https://www.mashina.kg/details/volkswagen-passat-63e3911ddf5dc257623483,14,7.0,8414.285714285714,0.26
Honda CR-V,2006,9500,825075,автомат,черный,внедорожник 5 дв.,2.0,бензин,руль справа,137 000 км,Бишкек,https://www.mashina.kg/details/honda-cr-v-63e367d4eb930691140459,17,25.0,12244.0,0.22
Honda Fit,2006,5900,512415,вариатор,красный,хэтчбек 5 дв.,1.3,бензин,руль справа,300 000 км,Бишкек,https://www.mashina.kg/details/honda-fit-63e3672521a30092322109,17,55.0,8421.309090909092,0.3
Lexus RX,2005,8700,755595,автомат,голубой,внедорожник 5 дв.,3.0,бензин,руль справа,170 000 км,Бишкек,https://www.mashina.kg/details/lexus-rx-63e34dc0b4012610931871,18,29.0,14433.103448275862,0.4
Hyundai Sonata,2015,5200,451308,автомат,серый,седан,2.0,газ,руль слева,91 000 км,Бишкек,https://www.mashina.kg/details/hyundai-sonata-63dc15fb923f2346150306,8,135.0,12769.377777777778,0.59
Toyota RAV4,2005,7700,668283,автомат,бирюзовый,внедорожник 5 дв.,2.4,бензин,руль слева,195 000 км,Бишкек,https://www.mashina.kg/details/toyota-rav4-63dbf8197c668703263808,18,19.0,9673.684210526317,0.2
Mercedes-Benz E-класс,2005,7300,633567,автомат,голубой,седан,3.5,бензин,руль слева,260 000 км,Бишкек,https://www.mashina.kg/details/mercedes-benz-e-klass-63dbe5c7e7502836886507,18,36.0,10655.527777777776,0.31
Toyota Wish,2005,6500,564135,вариатор,синий,компактвэн,2.0,бензин,руль справа,337 000 км,Бишкек,https://www.mashina.kg/details/toyota-wish-63dbf1c7ebb62227000214,18,29.0,8354.448275862069,0.22
Hyundai Sonata,2016,10800,937332,автомат,белый,седан,2.0,газ,руль слева,150 000 км,Бишкек,https://www.mashina.kg/details/hyundai-sonata-63dbec5a36926560521350,7,411.0,12939.802919708029,0.17
BMW 5 Серия,2008,10500,911295,автомат,белый,седан,3.0,бензин,руль слева,155 000 км,Бишкек,https://www.mashina.kg/details/bmw-5-seriya-63dbe70767b2d044540302,15,47.0,12793.404255319148,0.18
Honda Elysion,2006,9200,798468,автомат,черный,минивэн,2.4,бензин,руль справа,165 000 км,Бишкек,https://www.mashina.kg/details/honda-elysion-63dba8717faa1888726867,17,17.0,11288.235294117649,0.18
Toyota Prius,2011,7800,676962,автомат,белый,хэтчбек 5 дв.,1.8,гибрид,руль справа,250 000 км,Бишкек,https://www.mashina.kg/details/toyota-prius-63db942885e79672399962,12,34.0,11373.529411764706,0.31
Mercedes-Benz S-класс,2005,9000,781110,автомат,черный,седан,5.0,бензин,руль слева,264 000 км,Бишкек,https://www.mashina.kg/details/mercedes-benz-s-klass-63db8d411f7c5990855425,18,38.0,12078.868421052632,0.25
Hyundai Santa Fe,2010,11000,954690,автомат,бордовый,внедорожник 5 дв.,2.4,бензин,руль слева,200 000 км,Бишкек,https://www.mashina.kg/details/hyundai-santa-fe-63dab333de18f430651033,13,6.0,13116.666666666666,0.16
Subaru Outback,2009,8799,763665,автомат,золотистый,универсал,2.5,бензин,руль слева,0 км,Бишкек,https://www.mashina.kg/details/subaru-outback-63dbc44319b55475877288,14,8.0,13187.5,0.33
Mercedes-Benz E-класс,2005,8888,771390,автомат,черный,седан,1.8,бензин,руль слева,199 300 км,Бишкек,https://www.mashina.kg/details/mercedes-benz-e-klass-63dbc288d31cf907013538,18,36.0,10655.527777777776,0.17
Hyundai Elantra,2017,7588,658563,автомат,бордовый,седан,2.0,бензин,руль слева,75 000 км,Бишкек,https://www.mashina.kg/details/hyundai-elantra-63dbc067bfec6288427027,6,32.0,13437.5,0.44
Mercedes-Benz E-класс,2005,8500,737715,автомат,черный,седан,2.6,бензин,руль слева,275 000 км,Бишкек,https://www.mashina.kg/details/mercedes-benz-e-klass-63db7e2b7eb9d382476380,18,36.0,10655.527777777776,0.2
Subaru Forester,2005,7800,676962,автомат,зеленый,универсал,2.0,бензин,руль справа,170 000 км,Бишкек,https://www.mashina.kg/details/subaru-forester-63db65bcf28ac895626564,18,30.0,9669.866666666669,0.19
Toyota Camry,2007,9400,815826,автомат,черный,седан,2.4,бензин,руль слева,240 767 км,Бишкек,https://www.mashina.kg/details/toyota-camry-63db474cbb2cb304429672,16,81.0,11597.530864197532,0.19
Lexus GS,2006,6800,590172,автомат,вишня,седан,3.0,бензин,руль справа,250 000 км,Бишкек,https://www.mashina.kg/details/lexus-gs-63dae152f313d160593156,17,19.0,11584.21052631579,0.41
Toyota Camry,2007,9600,833184,автомат,золотистый,седан,3.5,бензин,руль слева,0 км,Бишкек,https://www.mashina.kg/details/toyota-camry-63d9f2c771556236035404,16,81.0,11597.530864197532,0.17
Honda Inspire,2005,7999,694233,автомат,серебристый,седан,3.0,бензин,руль справа,187 000 км,Бишкек,https://www.mashina.kg/details/honda-inspire-63da166cd7353578142523,18,35.0,9789.857142857143,0.18
Honda Stepwgn,2008,7835,680000,вариатор,черный,минивэн,2.4,бензин,руль справа,151 000 км,Бишкек,https://www.mashina.kg/details/honda-stepwgn-63d9d0f08eb75934048558,15,29.0,9808.96551724138,0.2
Honda CR-V,2005,9600,833184,автомат,черный,внедорожник 5 дв.,2.0,бензин,руль справа,186 253 км,Бишкек,https://www.mashina.kg/details/honda-cr-v-63da54713351e563954223,18,46.0,11758.695652173914,0.18
Toyota Camry,2011,10700,928653,автомат,белый,седан,2.4,бензин,руль слева,205 000 км,Бишкек,https://www.mashina.kg/details/toyota-camry-63da4e4244fdc671590938,12,55.0,12785.272727272728,0.16
Hyundai Sonata,2015,7800,676962,автомат,серебристый,седан,2.0,газ,руль слева,18 000 км,Бишкек,https://www.mashina.kg/details/hyundai-sonata-63da71c4c21f1947699319,8,135.0,12769.377777777778,0.39
Subaru Outback,2009,8799,763665,автомат,золотистый,универсал,2.5,бензин,руль слева,333 333 км,Бишкек,https://www.mashina.kg/details/subaru-outback-63dbc44319b55475877288,14,8.0,13187.5,0.33
Honda Civic,2008,6700,581493,робот,серый,хэтчбек 5 дв.,1.8,бензин,руль слева,235 000 км,Бишкек,https://www.mashina.kg/details/honda-civic-63dba43549536249055911,15,25.0,8901.68,0.25
Honda Elysion,2006,9200,798468,автомат,черный,минивэн,2.4,бензин,руль слева,165 000 км,Бишкек,https://www.mashina.kg/details/honda-elysion-63dba8717faa1888726867,17,17.0,11288.235294117649,0.18
Toyota Camry,2007,9600,832320,автомат,золотистый,седан,3.5,бензин,руль слева,0 км,Бишкек,https://www.mashina.kg/details/toyota-camry-63d9f2c771556236035404,16,78.0,11608.97435897436,0.17
Hyundai Santa Fe,2010,11000,953700,автомат,бордовый,внедорожник 5 дв.,2.4,бензин,руль слева,200 000 км,Бишкек,https://www.mashina.kg/details/hyundai-santa-fe-63dab333de18f430651033,13,5.0,13540.0,0.19
Honda Inspire,2005,7999,693513,автомат,серебристый,седан,3.0,бензин,руль справа,187 000 км,Бишкек,https://www.mashina.kg/details/honda-inspire-63da166cd7353578142523,18,34.0,9842.529411764706,0.19
Toyota Camry,2011,10700,927690,автомат,белый,седан,2.4,бензин,руль слева,205 000 км,Бишкек,https://www.mashina.kg/details/toyota-camry-63da4e4244fdc671590938,12,53.0,12801.88679245283,0.16
Honda CR-V,2005,9600,832320,автомат,черный,внедорожник 5 дв.,2.0,бензин,руль справа,186 253 км,Бишкек,https://www.mashina.kg/details/honda-cr-v-63da54713351e563954223,18,44.0,11784.09090909091,0.19
Toyota Prius,2011,7500,650250,автомат,белый,хэтчбек 5 дв.,1.8,гибрид,руль справа,250 000 км,Бишкек,https://www.mashina.kg/details/toyota-prius-63d9f14b37a6c078719898,12,31.0,11461.290322580646,0.35
Honda Stepwgn,2008,8062,699000,вариатор,черный,минивэн,2.4,бензин,руль справа,151 000 км,Бишкек,https://www.mashina.kg/details/honda-stepwgn-63d9d0f08eb75934048558,15,28.0,9871.357142857143,0.18
Hyundai Sonata,2015,7800,676260,автомат,серебристый,седан,2.0,газ,руль слева,18 000 км,Бишкек,https://www.mashina.kg/details/hyundai-sonata-63da71c4c21f1947699319,8,127.0,12856.425196850394,0.39
Hyundai Sonata,2016,10800,936360,автомат,белый,седан,2.0,газ,руль слева,189 000 км,Бишкек,https://www.mashina.kg/details/hyundai-sonata-63d937772e17b380860089,7,396.0,12949.517676767677,0.17
Honda Stepwgn,2009,8500,736950,вариатор,баклажан,минивэн,2.0,бензин,руль слева,134 566 км,Бишкек,https://www.mashina.kg/details/honda-stepwgn-63d8b4c9a71d4986658346,14,10.0,10930.0,0.22
Mercedes-Benz E-класс,2006,7266,630000,автомат,синий,седан,2.1,дизель,руль слева,405 000 км,Бишкек,https://www.mashina.kg/details/mercedes-benz-e-klass-63d8a15a8236b275026580,17,25.0,10346.72,0.3
Honda Fit,2005,5133,445000,вариатор,красный,хэтчбек 5 дв.,1.3,бензин,руль справа,230 000 км,Бишкек,https://www.mashina.kg/details/honda-fit-63d8e3092ed0a323105901,18,139.0,7092.237410071943,0.28
Toyota Crown,2005,7900,684930,автомат,серый,седан,3.0,бензин,руль справа,192 123 км,Бишкек,https://www.mashina.kg/details/toyota-crown-63d904ab27e16008947391,18,40.0,9633.75,0.18
Mercedes-Benz S-класс,2005,8900,771630,автомат,черный,седан,5.0,бензин,руль слева,274 000 км,Бишкек,https://www.mashina.kg/details/mercedes-benz-s-klass-63d8f34529da1357479060,18,36.0,12169.388888888889,0.27
Hyundai Sonata,2015,7800,676260,автомат,серебристый,седан,2.0,газ,руль слева,18 000 км,Бишкек,https://www.mashina.kg/details/hyundai-sonata-63da6f9286931715486351,8,127.0,12856.425196850394,0.39
Toyota Wish,2005,6500,563550,вариатор,синий,компактвэн,2.0,бензин,руль слева,371 000 км,Бишкек,https://www.mashina.kg/details/toyota-wish-63d8edd2c66e3122690652,18,28.0,8420.67857142857,0.23
Toyota Crown,2005,7900,684930,автомат,серый,седан,3.0,бензин,руль справа,192 123 км,Бишкек,https://www.mashina.kg/details/toyota-crown-63d904ab27e16008947391,18,39.0,9678.205128205129,0.18
Mercedes-Benz S-класс,2005,8900,771630,автомат,черный,седан,5.0,бензин,руль слева,274 000 км,Бишкек,https://www.mashina.kg/details/mercedes-benz-s-klass-63d8f34529da1357479060,18,34.0,12270.558823529413,0.27
Honda Stepwgn,2009,8500,736950,вариатор,баклажан,минивэн,2.0,бензин,руль слева,134 566 км,Бишкек,https://www.mashina.kg/details/honda-stepwgn-63d8b4c9a71d4986658346,14,9.0,11200.0,0.24
Honda Fit,2005,5133,445000,вариатор,красный,хэтчбек 5 дв.,1.3,бензин,руль справа,230 000 км,Бишкек,https://www.mashina.kg/details/honda-fit-63d8e3092ed0a323105901,18,135.0,7081.2444444444445,0.28
Hyundai Sonata,2016,10800,936360,автомат,белый,седан,2.0,газ,руль слева,189 000 км,Бишкек,https://www.mashina.kg/details/hyundai-sonata-63d937772e17b380860089,7,391.0,12951.557544757034,0.17
Mercedes-Benz E-класс,2006,7266,630000,автомат,синий,седан,2.1,дизель,руль слева,405 000 км,Бишкек,https://www.mashina.kg/details/mercedes-benz-e-klass-63d8a15a8236b275026580,17,23.0,10495.739130434782,0.31
Honda Stepwgn,2009,8500,736950,вариатор,баклажан,минивэн,2.0,бензин,руль слева,134 566 км,Бишкек,https://www.mashina.kg/details/honda-stepwgn-63d8b4c9a71d4986658346,14,8.0,11537.5,0.26
Mercedes-Benz E-класс,2006,7266,630000,автомат,синий,седан,2.1,дизель,руль слева,405 000 км,Бишкек,https://www.mashina.kg/details/mercedes-benz-e-klass-63d8a15a8236b275026580,17,21.0,10673.142857142857,0.32
Honda Fit,2005,5133,445000,вариатор,красный,хэтчбек 5 дв.,1.3,бензин,руль справа,230 000 км,Бишкек,https://www.mashina.kg/details/honda-fit-63d8e3092ed0a323105901,18,129.0,7073.759689922481,0.27
Hyundai Sonata,2016,10800,936360,автомат,белый,седан,2.0,газ,руль слева,189 000 км,Бишкек,https://www.mashina.kg/details/hyundai-sonata-63d937772e17b380860089,7,375.0,12962.157333333333,0.17
BMW 7 Серия,2007,8800,762960,автомат,черный,седан,4.0,бензин,руль слева,159 000 км,Бишкек,https://www.mashina.kg/details/bmw-7-seriya-63d8fdea952aa837593132,16,10.0,10570.0,0.17
Toyota Yaris,2008,6700,580890,автомат,синий,хэтчбек 5 дв.,1.4,дизель,руль слева,139 513 км,Бишкек,https://www.mashina.kg/details/toyota-yaris-63d80fcfce16d444308204,15,6.0,8020.0,0.16
Mercedes-Benz S-класс,2005,8900,771630,автомат,черный,седан,5.0,бензин,руль слева,274 000 км,Бишкек,https://www.mashina.kg/details/mercedes-benz-s-klass-63d8f34529da1357479060,18,31.0,12380.645161290322,0.28
Toyota Wish,2005,6500,563550,вариатор,синий,компактвэн,2.0,бензин,руль слева,371 000 км,Бишкек,https://www.mashina.kg/details/toyota-wish-63d8edd2c66e3122690652,18,24.0,8600.208333333334,0.24
Honda Inspire,2006,8900,771630,автомат,черный,седан,3.0,бензин,руль справа,240 000 км,Бишкек,https://www.mashina.kg/details/honda-inspire-63d92818725d6963985540,17,9.0,10677.777777777776,0.17
Toyota Crown,2005,7900,684930,автомат,серый,седан,3.0,бензин,руль справа,192 123 км,Бишкек,https://www.mashina.kg/details/toyota-crown-63d904ab27e16008947391,18,37.0,9709.45945945946,0.19
Honda Stepwgn,2005,9500,823650,автомат,серебристый,минивэн,2.0,бензин,руль справа,300 000 км,Бишкек,https://www.mashina.kg/details/honda-stepwgn-63d77210b9e37603145289,18,92.0,11404.347826086956,0.17
Subaru Forester,2005,8000,693600,автомат,серебристый,универсал,2.0,бензин,руль справа,190 000 км,Бишкек,https://www.mashina.kg/details/subaru-forester-63d6dfccd0251744303802,18,29.0,9727.448275862069,0.18
Mercedes-Benz GL-класс,2007,11000,953700,автомат,черный,внедорожник 5 дв.,4.7,бензин,руль слева,270 000 км,Бишкек,https://www.mashina.kg/details/mercedes-benz-gl-klass-63d782ec24e0c722272392,16,9.0,13222.222222222224,0.17
Toyota Crown,2007,9800,849660,автомат,коричневый,седан,3.5,бензин,руль справа,185 000 км,Бишкек,https://www.mashina.kg/details/toyota-crown-63d79bbcd7875006366086,16,20.0,12010.0,0.18
Hyundai Sonata,2016,10500,910350,автомат,белый,седан,2.0,газ,руль слева,200 000 км,Бишкек,https://www.mashina.kg/details/hyundai-sonata-63d797646be9d127293886,7,375.0,12962.157333333333,0.19
Toyota Avensis,2006,6500,563550,автомат,серый,универсал,1.8,бензин,руль слева,163 000 км,Бишкек,https://www.mashina.kg/details/toyota-avensis-63d790b1f163c066371117,17,7.0,8842.714285714286,0.26
Toyota Alphard,2005,8888,770590,автомат,черный,минивэн,3.0,бензин,руль справа,299 000 км,Бишкек,https://www.mashina.kg/details/toyota-alphard-63d7da4a48f51099498887,18,17.0,12963.176470588236,0.31
Honda Fit,2008,6600,572220,вариатор,розовый,хэтчбек 5 дв.,1.3,бензин,руль справа,200 000 км,Бишкек,https://www.mashina.kg/details/honda-fit-63d906eecd711608165992,15,39.0,8584.51282051282,0.23
Honda Jazz,2008,7500,650250,вариатор,красный,хэтчбек 5 дв.,1.5,бензин,руль слева,167 000 км,Бишкек,https://www.mashina.kg/details/honda-jazz-63d7c5ce95c92539413035,15,34.0,8886.088235294117,0.16
Toyota Prius,2011,7500,650250,автомат,белый,хэтчбек 5 дв.,1.8,гибрид,руль слева,250 000 км,Бишкек,https://www.mashina.kg/details/toyota-prius-63d887fc44f73922099390,12,26.0,11538.46153846154,0.35
Toyota Wish,2005,6500,563550,вариатор,синий,компактвэн,2.0,бензин,руль слева,330 000 км,Бишкек,https://www.mashina.kg/details/toyota-wish-63d8edd2c66e3122690652,18,24.0,8600.208333333334,0.24
Honda Accord,2010,10000,867000,автомат,черный,седан,2.4,бензин,руль слева,193 000 км,Бишкек,https://www.mashina.kg/details/honda-accord-63d55803988d6248806488,13,13.0,12069.23076923077,0.17
Honda Jazz,2006,7100,615570,вариатор,жёлтый,хэтчбек 5 дв.,1.5,бензин,руль слева,200 000 км,Бишкек,https://www.mashina.kg/details/honda-jazz-63d3c422ef715839587031,17,28.0,9150.75,0.22
Hyundai Sonata,2015,7000,606900,автомат,серебристый,седан,2.0,газ,руль слева,179 000 км,Бишкек,https://www.mashina.kg/details/hyundai-sonata-63d4bc766a7fb662556692,8,122.0,12894.803278688523,0.46
Toyota Prius,2011,7900,684930,автомат,белый,хэтчбек 5 дв.,1.8,гибрид,руль справа,169 000 км,Бишкек,https://www.mashina.kg/details/toyota-prius-63d3d78f92566587677648,12,25.0,11684.0,0.32
Toyota Harrier,2006,8000,693600,автомат,черный,внедорожник 5 дв.,3.5,бензин,руль справа,200 000 км,Бишкек,https://www.mashina.kg/details/toyota-harrier-63d3cc319f751905402603,17,11.0,13736.363636363636,0.42
Honda Odyssey,2005,7500,650250,автомат,фиолетовый,минивэн,2.4,бензин,руль справа,200 000 км,Бишкек,https://www.mashina.kg/details/honda-odyssey-63d50a5f991b3461417233,18,16.0,9348.125,0.2
Chevrolet Spark,2016,7200,624240,вариатор,белый,хэтчбек 5 дв.,1.0,бензин,руль слева,150 000 км,Бишкек,https://www.mashina.kg/details/chevrolet-spark-63d503a0d6d86265969861,7,68.0,8899.264705882353,0.19
Kia K5 II Седан,2016,11700,1014390,автомат,белый,седан,2.0,газ,руль слева,40 000 км,Бишкек,https://www.mashina.kg/details/kia-k5-63d494be0323a369119000,7,180.0,13864.216666666667,0.16
Toyota Camry,2007,9500,823650,автомат,черный,седан,3.5,бензин,руль слева,180 000 км,Бишкек,https://www.mashina.kg/details/toyota-camry-63d49013d7581035627756,16,70.0,11612.857142857143,0.18
Toyota Camry,2009,11000,953700,автомат,серый,седан,3.5,бензин,руль слева,145 000 км,Бишкек,https://www.mashina.kg/details/toyota-camry-63d4fcdb43fad391418584,14,47.0,13097.872340425532,0.16
Honda Jazz,2006,7500,650250,вариатор,красный,хэтчбек 5 дв.,1.3,бензин,руль слева,248 700 км,Бишкек,https://www.mashina.kg/details/honda-jazz-63d4f0c9d0899757181832,17,28.0,9150.75,0.18
Toyota Crown,2007,9800,849660,автомат,серый,седан,3.5,бензин,руль справа,190 000 км,Бишкек,https://www.mashina.kg/details/toyota-crown-63d4e8bed0ed6180100814,16,19.0,12126.315789473683,0.19
Hyundai Sonata,2017,7999,693513,автомат,оранжевый,седан,2.0,газ,руль слева,260 000 км,Бишкек,https://www.mashina.kg/details/hyundai-sonata-63d4d88941fd7036219037,6,163.0,14115.895705521472,0.43
Hyundai Sonata,2018,9000,780300,электро,белый,седан,2.0,газ,руль слева,260 000 км,Бишкек,https://www.mashina.kg/details/hyundai-sonata-63d4d29fa4f67688836923,5,84.0,14236.892857142857,0.37
Mercedes-Benz E-класс,2009,8700,754290,автомат,черный,седан,1.8,бензин / газ,руль слева,180 000 км,Бишкек,https://www.mashina.kg/details/mercedes-benz-e-klass-63d37b09e66cd074748236,14,15.0,11573.333333333334,0.25
Hyundai Sonata,2016,10800,936360,автомат,белый,седан,2.0,газ,руль слева,346 000 км,Бишкек,https://www.mashina.kg/details/hyundai-sonata-63d21484a8b57377609245,7,350.0,12962.157142857142,0.17
Toyota Camry,2007,9800,849660,автомат,черный,седан,3.5,бензин,руль слева,180 000 км,Бишкек,https://www.mashina.kg/details/toyota-camry-63d22e8ed11ca836883628,16,64.0,11601.5625,0.16
Honda Elysion,2008,8600,745620,автомат,белый,минивэн,3.0,бензин,руль справа,230 000 км,Бишкек,https://www.mashina.kg/details/honda-elysion-63d22d1a79f7a504641949,15,13.0,12476.923076923076,0.31
Mercedes-Benz E-класс,2009,8700,754290,автомат,черный,седан,1.8,бензин,руль слева,226 000 км,Бишкек,https://www.mashina.kg/details/mercedes-benz-e-klass-63d24c466550b127496417,14,13.0,11876.923076923076,0.27
Renault Samsung SM6,2016,8500,736950,электро,белый,седан,1.5,газ,руль слева,250 000 км,Бишкек,https://www.mashina.kg/details/renault-samsung-sm6-63d2a4073f279890779876,7,8.0,12887.5,0.34
Honda Fit,2005,5800,502860,вариатор,красный,хэтчбек 5 дв.,1.3,бензин,руль справа,29 900 км,Бишкек,https://www.mashina.kg/details/honda-fit-63d27f218477c407743887,18,122.0,7088.655737704919,0.18
Honda Jazz,2008,6800,589560,вариатор,серебристый,хэтчбек 5 дв.,1.3,бензин,руль слева,161 100 км,Бишкек,https://www.mashina.kg/details/honda-jazz-63d27f1a37ed7682059741,15,31.0,8900.870967741936,0.24
Toyota Crown,2006,7400,641580,автомат,белый,седан,3.5,бензин,руль справа,200 000 км,Бишкек,https://www.mashina.kg/details/toyota-crown-63d2b23e40e57247190681,17,23.0,11715.739130434782,0.37
Hyundai Sonata,2018,11500,997050,электро,серый,седан,2.0,газ,руль слева,140 000 км,Бишкек,https://www.mashina.kg/details/hyundai-sonata-63d1516d1e70b085313498,5,81.0,14270.35802469136,0.19
Hyundai Solaris,2013,6344,550000,автомат,белый,седан,1.6,бензин,руль слева,228 000 км,Бишкек,https://www.mashina.kg/details/hyundai-solaris-63d1462558bc0890999061,10,7.0,7726.857142857143,0.18
Honda Stepwgn,2008,8200,710940,вариатор,черный,минивэн,2.4,бензин,руль справа,151 000 км,Бишкек,https://www.mashina.kg/details/honda-stepwgn-63d0a63e45ff4358376684,15,27.0,9933.25925925926,0.17
Honda Fit,2009,7000,606900,вариатор,баклажан,хэтчбек 5 дв.,1.3,бензин,руль справа,14 000 км,Бишкек,https://www.mashina.kg/details/honda-fit-63d02dc9471c9738945915,14,51.0,8530.254901960785,0.18
Honda Fit,2009,6690,580000,вариатор,серебристый,хэтчбек 5 дв.,1.3,бензин,руль справа,201 000 км,Бишкек,https://www.mashina.kg/details/honda-fit-63d11dca7c07f025532164,14,51.0,8530.254901960785,0.22
Honda Inspire,2005,8200,710940,автомат,хамелеон,седан,3.0,бензин,руль справа,213 000 км,Бишкек,https://www.mashina.kg/details/honda-inspire-63d0db621496f115683189,18,28.0,9826.642857142857,0.17
Honda Civic,2007,5767,500000,вариатор,белый,седан,1.3,гибрид,руль слева,233 000 км,Бишкек,https://www.mashina.kg/details/honda-civic-63d0db04e2fd2402328449,16,20.0,7029.0,0.18
Hyundai Sonata,2010,6600,572220,автомат,золотистый,седан,2.0,газ,руль слева,265 900 км,Бишкек,https://www.mashina.kg/details/hyundai-sonata-63d0d951b621f968161519,13,49.0,10114.591836734691,0.35
Kia K5 II Седан,2016,11500,997050,автомат,жёлтый,седан,2.0,газ,руль слева,153 000 км,Бишкек,https://www.mashina.kg/details/kia-k5-63d0c5f834ccf640446824,7,175.0,13879.194285714286,0.17
Toyota Crown Majesta,2006,7200,624240,автомат,серебристый,седан,4.3,бензин,руль справа,30 000 км,Бишкек,https://www.mashina.kg/details/toyota-crown-majesta-63d0bedf5f893154581340,17,6.0,9283.333333333334,0.22
Honda Fit,2007,6800,589560,вариатор,белый,хэтчбек 5 дв.,1.3,бензин,руль справа,122 000 км,Бишкек,https://www.mashina.kg/details/honda-fit-63d0d623eae73870311798,16,26.0,8124.461538461538,0.16
Toyota Prius,2011,8100,702270,автомат,белый,хэтчбек 5 дв.,1.8,гибрид,руль справа,169 000 км,Бишкек,https://www.mashina.kg/details/toyota-prius-63d124a9bd85b754109905,12,22.0,11804.545454545454,0.31
Hyundai Sonata,2017,7700,667590,электро,белый,седан,2.0,газ,руль слева,155 000 км,Бишкек,https://www.mashina.kg/details/hyundai-sonata-63d2b09cae2b9418185187,6,156.0,14148.01923076923,0.46
Honda Fit,2005,5800,502860,вариатор,красный,хэтчбек 5 дв.,1.3,бензин,руль слева,29 900 км,Бишкек,https://www.mashina.kg/details/honda-fit-63d27f218477c407743887,18,122.0,7088.655737704919,0.18
Honda Fit,2005,5800,502860,вариатор,красный,хэтчбек 5 дв.,1.3,бензин,руль слева,29 900 км,Бишкек,https://www.mashina.kg/details/honda-fit-63d27f218477c407743887,18,120.0,7097.633333333333,0.18
Honda Jazz,2008,6800,589560,вариатор,серебристый,хэтчбек 5 дв.,1.3,бензин,руль слева,161 100 км,Бишкек,https://www.mashina.kg/details/honda-jazz-63d27f1a37ed7682059741,15,29.0,8942.310344827587,0.24
Honda Elysion,2008,8600,745620,автомат,белый,минивэн,3.0,бензин,руль справа,230 000 км,Бишкек,https://www.mashina.kg/details/honda-elysion-63d22d1a79f7a504641949,15,11.0,12827.272727272728,0.33
Honda Fit,2009,6690,580000,вариатор,серебристый,хэтчбек 5 дв.,1.3,бензин,руль справа,201 000 км,Бишкек,https://www.mashina.kg/details/honda-fit-63d11dca7c07f025532164,14,46.0,8655.521739130434,0.23
Honda Fit,2009,7000,606900,вариатор,баклажан,хэтчбек 5 дв.,1.3,бензин,руль справа,14 000 км,Бишкек,https://www.mashina.kg/details/honda-fit-63d02dc9471c9738945915,14,46.0,8655.521739130434,0.19
Mercedes-Benz E-класс,2009,8700,754290,автомат,черный,седан,1.8,бензин,руль слева,226 000 км,Бишкек,https://www.mashina.kg/details/mercedes-benz-e-klass-63d24c466550b127496417,14,11.0,12290.90909090909,0.29
Hyundai Sonata,2018,11500,997050,электро,серый,седан,2.0,газ,руль слева,140 000 км,Бишкек,https://www.mashina.kg/details/hyundai-sonata-63d1516d1e70b085313498,5,78.0,14306.397435897436,0.2
Hyundai Sonata,2016,10800,936360,автомат,белый,седан,2.0,газ,руль слева,346 000 км,Бишкек,https://www.mashina.kg/details/hyundai-sonata-63d21484a8b57377609245,7,338.0,12969.097633136094,0.17
Honda Fit,2007,6800,589560,вариатор,белый,хэтчбек 5 дв.,1.3,бензин,руль справа,122 000 км,Бишкек,https://www.mashina.kg/details/honda-fit-63d0d623eae73870311798,16,24.0,8159.833333333333,0.17
Hyundai Solaris,2013,6344,550000,автомат,белый,седан,1.6,бензин,руль слева,228 000 км,Бишкек,https://www.mashina.kg/details/hyundai-solaris-63d1462558bc0890999061,10,6.0,7957.333333333333,0.2
Toyota Prius,2011,8100,702270,автомат,белый,хэтчбек 5 дв.,1.8,гибрид,руль справа,169 000 км,Бишкек,https://www.mashina.kg/details/toyota-prius-63d124a9bd85b754109905,12,20.0,11980.0,0.32
Kia K5 II Седан,2016,11500,997050,автомат,жёлтый,седан,2.0,газ,руль слева,153 000 км,Бишкек,https://www.mashina.kg/details/kia-k5-63d0c5f834ccf640446824,7,170.0,13895.052941176473,0.17
Toyota Crown Majesta,2006,7200,624240,автомат,серебристый,седан,4.3,бензин,руль справа,30 000 км,Бишкек,https://www.mashina.kg/details/toyota-crown-majesta-63d0bedf5f893154581340,17,5.0,9700.0,0.26
Honda Stepwgn,2008,8200,710940,вариатор,черный,минивэн,2.4,бензин,руль справа,151 000 км,Бишкек,https://www.mashina.kg/details/honda-stepwgn-63d0a63e45ff4358376684,15,26.0,9999.923076923076,0.18
Honda Inspire,2005,8200,710940,автомат,хамелеон,седан,3.0,бензин,руль справа,213 000 км,Бишкек,https://www.mashina.kg/details/honda-inspire-63d0db621496f115683189,18,25.0,9905.84,0.17
Honda Civic,2007,5767,500000,вариатор,белый,седан,1.3,гибрид,руль слева,233 000 км,Бишкек,https://www.mashina.kg/details/honda-civic-63d0db04e2fd2402328449,16,16.0,7119.1875,0.19
Hyundai Sonata,2010,6600,572220,автомат,золотистый,седан,2.0,газ,руль слева,265 900 км,Бишкек,https://www.mashina.kg/details/hyundai-sonata-63d0d951b621f968161519,13,46.0,10156.847826086956,0.35
Lexus IS,2008,11500,997050,автомат,черный,седан,2.5,бензин,руль слева,133 000 км,Бишкек,https://www.mashina.kg/details/lexus-is-63d25bf44c49d405913497,15,5.0,13640.0,0.16
Honda Fit,2005,5800,502860,вариатор,красный,хэтчбек 5 дв.,1.3,бензин,руль слева,29 900 км,Бишкек,https://www.mashina.kg/details/honda-fit-63d27f218477c407743887,18,118.0,7106.9152542372885,0.18
Honda Jazz,2008,6800,589560,робот,серебристый,хэтчбек 5 дв.,1.3,бензин,руль слева,161 100 км,Бишкек,https://www.mashina.kg/details/honda-jazz-63d27f1a37ed7682059741,15,27.0,8989.888888888889,0.24
Mercedes-Benz E-класс,2009,8700,754290,автомат,черный,седан,1.8,бензин,руль слева,226 000 км,Бишкек,https://www.mashina.kg/details/mercedes-benz-e-klass-63d24c466550b127496417,14,9.0,12888.888888888889,0.32
BYD E5,2018,11500,997050,,белый,седан,2.0,электро,руль слева,85 000 км,Бишкек,https://www.mashina.kg/details/byd-e5-63d0f2b8c253a359909090,5,13.0,13799.923076923076,0.17
Hyundai Sonata,2016,10800,936360,автомат,белый,седан,2.0,газ,руль слева,346 000 км,Бишкек,https://www.mashina.kg/details/hyundai-sonata-63d21484a8b57377609245,7,326.0,12976.5490797546,0.17
Honda Fit,2007,6800,589560,вариатор,белый,хэтчбек 5 дв.,1.3,бензин,руль справа,122 000 км,Бишкек,https://www.mashina.kg/details/honda-fit-63d0d623eae73870311798,16,22.0,8201.636363636364,0.17
Kia K5 II Седан,2016,11500,997050,автомат,жёлтый,седан,2.0,газ,руль слева,153 000 км,Бишкек,https://www.mashina.kg/details/kia-k5-63d0c5f834ccf640446824,7,165.0,13911.872727272726,0.17
Toyota Crown Majesta,2006,7200,624240,автомат,серебристый,седан,4.3,бензин,руль справа,30 000 км,Бишкек,https://www.mashina.kg/details/toyota-crown-majesta-63d0bedf5f893154581340,17,4.0,10325.0,0.3
Honda Stepwgn,2008,8200,710940,вариатор,черный,минивэн,2.4,бензин,руль справа,151 000 км,Бишкек,https://www.mashina.kg/details/honda-stepwgn-63d0a63e45ff4358376684,15,25.0,10071.92,0.19
Mercedes-Benz E-класс,2009,10500,910350,автомат,черный,седан,2.1,дизель,руль слева,1 000 км,Бишкек,https://www.mashina.kg/details/mercedes-benz-e-klass-63d1069878976449488890,14,9.0,12888.888888888889,0.19
Honda Elysion,2008,8600,745620,автомат,белый,минивэн,3.0,бензин,руль справа,230 000 км,Бишкек,https://www.mashina.kg/details/honda-elysion-63d22d1a79f7a504641949,15,9.0,13333.333333333334,0.36
Honda Fit,2009,6690,580000,вариатор,серебристый,хэтчбек 5 дв.,1.3,бензин,руль справа,201 000 км,Бишкек,https://www.mashina.kg/details/honda-fit-63d11dca7c07f025532164,14,40.0,8831.65,0.24
Hyundai Solaris,2013,6344,550000,автомат,белый,седан,1.6,бензин,руль слева,228 000 км,Бишкек,https://www.mashina.kg/details/hyundai-solaris-63d1462558bc0890999061,10,5.0,8280.0,0.23
BYD E5,2018,11500,997050,,белый,седан,2.0,электро,руль слева,85 000 км,Бишкек,https://www.mashina.kg/details/byd-e5-63d12599b5697011690510,5,13.0,13799.923076923076,0.17
Toyota Prius,2011,8100,702270,автомат,белый,хэтчбек 5 дв.,1.8,гибрид,руль справа,169 000 км,Бишкек,https://www.mashina.kg/details/toyota-prius-63d124a9bd85b754109905,12,18.0,12194.444444444443,0.34
Hyundai Sonata,2018,11500,997050,,серый,седан,2.0,газ,руль слева,140 000 км,Бишкек,https://www.mashina.kg/details/hyundai-sonata-63d1516d1e70b085313498,5,75.0,14345.32,0.2
Honda Fit,2009,7000,606900,вариатор,баклажан,хэтчбек 5 дв.,1.3,бензин,руль справа,14 000 км,Бишкек,https://www.mashina.kg/details/honda-fit-63d02dc9471c9738945915,14,40.0,8831.65,0.21
Honda Inspire,2005,8200,710940,автомат,хамелеон,седан,3.0,бензин,руль справа,213 000 км,Бишкек,https://www.mashina.kg/details/honda-inspire-63d0db621496f115683189,18,22.0,10006.636363636364,0.18
Honda Civic,2007,5767,500000,вариатор,белый,седан,1.3,гибрид,руль слева,233 000 км,Бишкек,https://www.mashina.kg/details/honda-civic-63d0db04e2fd2402328449,16,12.0,7269.5,0.21
Hyundai Sonata,2010,6600,572220,автомат,золотистый,седан,2.0,газ,руль слева,265 900 км,Бишкек,https://www.mashina.kg/details/hyundai-sonata-63d0d951b621f968161519,13,43.0,10205.0,0.35
Subaru Tribeca,2008,9800,849268,автомат,черный,внедорожник 5 дв.,3.6,бензин,руль слева,142 000 км,Бишкек,https://www.mashina.kg/details/subaru-tribeca-63ce950dd2033404706752,15,4.0,12925.0,0.24
Hyundai Sonata,2016,9900,857934,автомат,белый,седан,2.0,газ,руль слева,240 000 км,Бишкек,https://www.mashina.kg/details/hyundai-sonata-63cfc499104fa602538564,7,314.0,12977.245222929936,0.24
Mercedes-Benz M-класс,2007,10700,927262,автомат,серебристый,внедорожник 5 дв.,3.5,бензин,руль слева,216 000 км,Бишкек,https://www.mashina.kg/details/mercedes-benz-m-klass-63cfc070e2249646354256,16,6.0,13166.666666666666,0.19
Toyota Alphard,2007,10000,866600,автомат,золотистый,минивэн,3.0,бензин,руль слева,12 000 км,Бишкек,https://www.mashina.kg/details/toyota-alphard-63ce929b4ab7c977304220,16,40.0,13446.275,0.26
Mercedes-Benz E-класс,2006,7270,630000,автомат,черный,седан,3.5,бензин,руль слева,313 000 км,Бишкек,https://www.mashina.kg/details/mercedes-benz-e-klass-63ce2b3a047d4244458668,17,16.0,10322.875,0.3
Honda Fit,2009,7400,641284,вариатор,серебристый,хэтчбек 5 дв.,1.3,бензин,руль справа,230 000 км,Бишкек,https://www.mashina.kg/details/honda-fit-63ce1f21b4362454689937,14,36.0,8810.166666666666,0.16
Subaru Outback,2011,10800,935928,вариатор,зеленый,универсал,2.5,бензин,руль слева,16 000 км,Бишкек,https://www.mashina.kg/details/subaru-outback-63cf7cd24257b962486876,12,19.0,13047.368421052632,0.17
Honda Stepwgn,2008,8200,710612,автомат,черный,минивэн,2.0,бензин,руль справа,151 000 км,Бишкек,https://www.mashina.kg/details/honda-stepwgn-63cd837e98774527834695,15,23.0,10112.95652173913,0.19
Toyota Camry,2007,7000,606620,автомат,зеленый,седан,2.4,бензин,руль слева,2 500 км,Бишкек,https://www.mashina.kg/details/toyota-camry-63ced2da1eeb1564002617,16,50.0,11654.0,0.4
Honda Stream,2006,7000,606620,автомат,черный,компактвэн,1.7,бензин,руль справа,335 000 км,Бишкек,https://www.mashina.kg/details/honda-stream-63ceb18e1b24a439445385,17,4.0,8625.0,0.19
Toyota Alphard,2006,8500,736610,автомат,белый,минивэн,2.4,бензин,руль слева,266 925 км,Бишкек,https://www.mashina.kg/details/toyota-alphard-63cfa530b0453016544421,17,43.0,12124.906976744183,0.3
Hyundai Sonata,2015,7000,606620,автомат,серебристый,седан,2.0,газ,руль слева,469 000 км,Бишкек,https://www.mashina.kg/details/hyundai-sonata-63cfc6e4a590e430231760,8,105.0,13046.371428571429,0.46
Hyundai Sonata,2015,11000,953260,автомат,серебристый,седан,2.0,газ,руль слева,0 км,Бишкек,https://www.mashina.kg/details/hyundai-sonata-63ce214012af6833561791,8,105.0,13046.371428571429,0.16
Mercedes-Benz S-класс,2005,10500,909930,автомат,серебристый,седан,5.0,бензин,руль слева,223 000 км,Бишкек,https://www.mashina.kg/details/mercedes-benz-s-klass-63cf95b06f3aa989311227,18,30.0,12443.333333333334,0.16
Toyota Alphard,2007,10000,867000,автомат,золотистый,минивэн,3.0,бензин,руль слева,12 000 км,Бишкек,https://www.mashina.kg/details/toyota-alphard-63ce929b4ab7c977304220,16,37.0,13501.378378378378,0.26
Hyundai Sonata,2015,11000,953700,автомат,серебристый,седан,2.0,газ,руль слева,0 км,Бишкек,https://www.mashina.kg/details/hyundai-sonata-63ce214012af6833561791,8,100.0,13082.69,0.16
Honda Fit,2009,7400,641580,вариатор,серебристый,хэтчбек 5 дв.,1.3,бензин,руль справа,230 000 км,Бишкек,https://www.mashina.kg/details/honda-fit-63ce1f21b4362454689937,14,33.0,8839.878787878788,0.16
Honda Fit,2006,6500,563550,вариатор,белый,хэтчбек 5 дв.,1.3,бензин,руль справа,0 км,Бишкек,https://www.mashina.kg/details/honda-fit-63cd66d88152d587099557,17,44.0,8481.181818181818,0.23
Honda Stepwgn,2008,8200,710940,автомат,черный,минивэн,2.0,бензин,руль справа,151 000 км,Бишкек,https://www.mashina.kg/details/honda-stepwgn-63cd837e98774527834695,15,22.0,10199.90909090909,0.2
Hyundai Santa Fe,2008,10000,867000,автомат,серый,внедорожник 5 дв.,2.2,дизель,руль слева,143 000 км,Бишкек,https://www.mashina.kg/details/hyundai-santa-fe-63ce70c0a69af474168605,15,20.0,11923.3,0.16
Toyota Crown,2005,6500,563550,автомат,белый,седан,3.5,бензин,руль справа,185 000 км,Бишкек,https://www.mashina.kg/details/toyota-crown-63ccff2e04456303966491,18,30.0,9721.666666666666,0.33
Toyota Camry,2008,9200,797640,автомат,черный,седан,2.4,бензин,руль слева,120 000 км,Бишкек,https://www.mashina.kg/details/toyota-camry-63ce6df308fa8173429675,15,36.0,10911.111111111111,0.16
Toyota Camry,2006,9100,788970,автомат,черный,седан,3.5,бензин,руль слева,112 345 км,Бишкек,https://www.mashina.kg/details/toyota-camry-63ce68b9e87a6636483546,17,34.0,11027.941176470587,0.17
Mercedes-Benz E-класс,2006,7266,630000,автомат,черный,седан,3.5,бензин,руль слева,313 000 км,Бишкек,https://www.mashina.kg/details/mercedes-benz-e-klass-63ce2b3a047d4244458668,17,14.0,10242.857142857143,0.29
Honda Fit,2008,7000,606900,вариатор,синий,хэтчбек 5 дв.,1.3,бензин,руль справа,0 км,Бишкек,https://www.mashina.kg/details/honda-fit-63ccfb24942d5307928669,15,29.0,8579.172413793103,0.18
Kia K5 II Седан,2017,12000,1040400,автомат,синий,седан,2.0,газ,руль слева,200 000 км,Бишкек,https://www.mashina.kg/details/kia-k5-63ce3ee502398187501508,6,57.0,14328.17543859649,0.16
Subaru Outback,2005,7000,606900,автомат,серебристый,универсал,2.5,бензин,руль слева,21 000 км,Бишкек,https://www.mashina.kg/details/subaru-outback-63ce545ba43a5604363558,18,29.0,8977.620689655172,0.22
Honda Stepwgn,2008,8200,710940,автомат,черный,минивэн,2.0,бензин,руль справа,151 000 км,Бишкек,https://www.mashina.kg/details/honda-stepwgn-63cd837e98774527834695,15,21.0,10295.142857142857,0.2
Honda Fit,2006,6500,563550,вариатор,белый,хэтчбек 5 дв.,1.3,бензин,руль справа,0 км,Бишкек,https://www.mashina.kg/details/honda-fit-63cd66d88152d587099557,17,40.0,8500.525,0.24
Honda Inspire,2005,8800,762960,автомат,черный,седан,3.0,бензин,руль справа,0 км,Бишкек,https://www.mashina.kg/details/honda-inspire-63cd4484d2def551486067,18,15.0,10416.4,0.16
Honda Fit,2008,7000,606900,вариатор,синий,хэтчбек 5 дв.,1.3,бензин,руль справа,0 км,Бишкек,https://www.mashina.kg/details/honda-fit-63ccfb24942d5307928669,15,27.0,8588.74074074074,0.18
Hyundai Solaris,2011,6900,598230,автомат,серый,седан,1.4,бензин,руль слева,250 000 км,Бишкек,https://www.mashina.kg/details/hyundai-solaris-63ccb06747e4c080952168,12,9.0,8266.666666666666,0.17
Toyota Crown,2005,6500,563550,автомат,белый,седан,3.5,бензин,руль справа,185 000 км,Бишкек,https://www.mashina.kg/details/toyota-crown-63ccff2e04456303966491,18,27.0,9866.666666666666,0.34
Kia K5 II Седан,2016,11500,997050,автомат,серебристый,седан,2.0,газ,руль слева,150 000 км,Бишкек,https://www.mashina.kg/details/kia-k5-63cade3c29c80295913366,7,150.0,13921.06,0.17
Toyota Alphard,2006,8997,780000,автомат,белый,минивэн,2.4,бензин,руль слева,0 км,Бишкек,https://www.mashina.kg/details/toyota-alphard-63cb9b0399e29038110805,17,38.0,12213.763157894737,0.26
Toyota Camry,2005,8900,771630,автомат,черный,седан,2.4,бензин,руль слева,230 000 км,Бишкек,https://www.mashina.kg/details/toyota-camry-63cba2e415483365401429,18,47.0,10551.04255319149,0.16
Toyota Alphard,2006,8651,750000,автомат,белый,минивэн,2.4,бензин,руль слева,0 км,Бишкек,https://www.mashina.kg/details/toyota-alphard-63cb1d912ecb3363383867,17,38.0,12213.763157894737,0.29
Honda Stepwgn,2006,5767,500000,автомат,черный,минивэн,2.0,бензин,руль справа,18 000 км,Бишкек,https://www.mashina.kg/details/honda-stepwgn-63cbed1e3e7d9417899374,17,13.0,11535.923076923076,0.5
Mercedes-Benz E-класс,2009,10000,867000,автомат,белый,седан,2.1,дизель,руль слева,242 000 км,Бишкек,https://www.mashina.kg/details/mercedes-benz-e-klass-63cbc6ecd7b3e279419169,14,4.0,12600.0,0.21
Honda Fit,2009,7500,650250,вариатор,баклажан,хэтчбек 5 дв.,1.3,бензин,руль справа,0 км,Бишкек,https://www.mashina.kg/details/honda-fit-63cc1ea2b7733187387614,14,31.0,8892.451612903225,0.16
Honda Fit,2009,7500,650250,вариатор,баклажан,хэтчбек 5 дв.,1.3,бензин,руль справа,0 км,Бишкек,https://www.mashina.kg/details/honda-fit-63cc1ea2b7733187387614,14,30.0,8938.866666666667,0.16
Toyota Alphard,2006,8651,750000,автомат,белый,минивэн,2.4,бензин,руль слева,0 км,Бишкек,https://www.mashina.kg/details/toyota-alphard-63cb1d912ecb3363383867,17,35.0,12396.42857142857,0.3
Hyundai Sonata,2016,10700,927690,автомат,оранжевый,седан,2.0,газ,руль слева,280 000 км,Бишкек,https://www.mashina.kg/details/hyundai-sonata-63cb9e7bc7b4d960691247,7,271.0,12985.9963099631,0.18
Toyota Alphard,2006,8997,780000,автомат,белый,минивэн,2.4,бензин,руль слева,0 км,Бишкек,https://www.mashina.kg/details/toyota-alphard-63cb9b0399e29038110805,17,35.0,12396.42857142857,0.27
Honda Stepwgn,2006,5767,500000,автомат,черный,минивэн,2.0,бензин,руль справа,18 000 км,Бишкек,https://www.mashina.kg/details/honda-stepwgn-63cbed1e3e7d9417899374,17,12.0,12016.666666666666,0.52
Hyundai Sonata,2016,8700,754290,автомат,белый,седан,2.0,газ,руль слева,0 км,Бишкек,https://www.mashina.kg/details/hyundai-sonata-63ca4bbf456e8164557095,7,271.0,12985.9963099631,0.33
Toyota Camry,2011,10600,919020,автомат,белый,седан,2.4,бензин,руль слева,205 000 км,Бишкек,https://www.mashina.kg/details/toyota-camry-63c9ddf3d495a623121389,12,40.0,12545.0,0.16
Toyota Prius,2013,10500,910350,автомат,бордовый,хэтчбек 5 дв.,1.8,гибрид,руль справа,20 000 км,Бишкек,https://www.mashina.kg/details/toyota-prius-63caa9af25613078615860,10,96.0,13406.229166666666,0.22
Hyundai Sonata,2016,10700,927690,автомат,оранжевый,седан,2.0,газ,руль слева,280 000 км,Бишкек,https://www.mashina.kg/details/hyundai-sonata-63cb9e7bc7b4d960691247,7,255.0,12993.941176470587,0.18
Toyota Alphard,2006,8997,780000,автомат,белый,минивэн,2.4,бензин,руль слева,0 км,Бишкек,https://www.mashina.kg/details/toyota-alphard-63cb9b0399e29038110805,17,31.0,12610.548387096776,0.29
Toyota Camry,2011,10600,919020,автомат,белый,седан,2.4,бензин,руль слева,205 000 км,Бишкек,https://www.mashina.kg/details/toyota-camry-63c9ddf3d495a623121389,12,39.0,12594.871794871797,0.16
Hyundai Sonata,2016,8700,754290,автомат,белый,седан,2.0,газ,руль слева,0 км,Бишкек,https://www.mashina.kg/details/hyundai-sonata-63ca4bbf456e8164557095,7,255.0,12993.941176470587,0.33
Lexus LS,2007,10500,910350,автомат,серебристый,седан,4.6,бензин,руль слева,243 855 км,Бишкек,https://www.mashina.kg/details/lexus-ls-63c98673eb3d1240323650,16,19.0,12463.157894736842,0.16
Toyota Prius,2013,10500,910350,автомат,бордовый,хэтчбек 5 дв.,1.8,гибрид,руль справа,20 000 км,Бишкек,https://www.mashina.kg/details/toyota-prius-63caa9af25613078615860,10,90.0,13449.977777777778,0.22
Kia K5 I Седан,2010,9300,806310,автомат,оранжевый,седан,2.0,газ,руль слева,216 000 км,Бишкек,https://www.mashina.kg/details/kia-k5-63ca95edb7eab971231191,13,5.0,11020.0,0.16
Toyota Alphard,2006,8651,750000,автомат,белый,минивэн,2.4,бензин,руль слева,0 км,Бишкек,https://www.mashina.kg/details/toyota-alphard-63cb1d912ecb3363383867,17,31.0,12610.548387096776,0.31
Audi A6,2005,5700,494190,вариатор,черный,седан,2.4,бензин,руль слева,0 км,Бишкек,https://www.mashina.kg/details/audi-a6-63ca66777d9bc032389913,18,13.0,6751.538461538462,0.16
Toyota Prius,2013,10500,910350,автомат,бордовый,хэтчбек 5 дв.,1.8,гибрид,руль справа,20 000 км,Бишкек,https://www.mashina.kg/details/toyota-prius-63caa9af25613078615860,10,86.0,13486.023255813954,0.22
Toyota Camry,2011,10600,919020,автомат,белый,седан,2.4,бензин,руль слева,205 000 км,Бишкек,https://www.mashina.kg/details/toyota-camry-63c9ddf3d495a623121389,12,37.0,12664.864864864863,0.16
Kia K5 I Седан,2010,9300,806310,автомат,оранжевый,седан,2.0,газ,руль слева,216 000 км,Бишкек,https://www.mashina.kg/details/kia-k5-63ca95edb7eab971231191,13,4.0,11450.0,0.19
Lexus LS,2007,10500,910350,автомат,серебристый,седан,4.6,бензин,руль слева,243 855 км,Бишкек,https://www.mashina.kg/details/lexus-ls-63c98673eb3d1240323650,16,18.0,12572.222222222224,0.16
Hyundai Sonata,2016,8700,754290,автомат,белый,седан,2.0,газ,руль слева,0 км,Бишкек,https://www.mashina.kg/details/hyundai-sonata-63ca4bbf456e8164557095,7,242.0,13015.723140495867,0.33
BMW X5,2005,10000,867000,автомат,серебристый,внедорожник 5 дв.,3.0,дизель,руль слева,28 532 км,Бишкек,https://www.mashina.kg/details/bmw-x5-63c94bcdc3c99370890332,18,21.0,11842.857142857143,0.16
Honda Jazz,2005,5000,433500,вариатор,серебристый,хэтчбек 5 дв.,1.5,бензин,руль слева,125 000 км,Бишкек,https://www.mashina.kg/details/honda-jazz-63cab2127f8a8122801701,18,21.0,7776.0952380952385,0.36
Toyota Camry,2011,10600,919020,автомат,белый,седан,2.4,бензин,руль слева,205 000 км,Бишкек,https://www.mashina.kg/details/toyota-camry-63c9ddf3d495a623121389,12,35.0,12742.857142857143,0.17
Porsche Cayenne,2005,6500,563550,автомат,бежевый,внедорожник 5 дв.,3.2,бензин,руль слева,0 км,Бишкек,https://www.mashina.kg/details/porsche-cayenne-63c947aa6fd51890474213,18,6.0,7833.333333333333,0.17
Hyundai Sonata,2016,8700,754290,автомат,белый,седан,2.0,газ,руль слева,0 км,Бишкек,https://www.mashina.kg/details/hyundai-sonata-63ca4bbf456e8164557095,7,229.0,13039.978165938865,0.33
Lexus LS,2007,10500,910350,автомат,серебристый,седан,4.6,бензин,руль слева,243 855 км,Бишкек,https://www.mashina.kg/details/lexus-ls-63c98673eb3d1240323650,16,17.0,12694.117647058823,0.17
BMW X5,2005,10000,867000,автомат,серебристый,внедорожник 5 дв.,3.0,дизель,руль слева,28 532 км,Бишкек,https://www.mashina.kg/details/bmw-x5-63c94bcdc3c99370890332,18,20.0,11935.0,0.16
Audi A6,2005,5700,494190,вариатор,черный,седан,2.4,бензин,руль слева,0 км,Бишкек,https://www.mashina.kg/details/audi-a6-63ca66777d9bc032389913,18,12.0,6839.166666666667,0.17
Hyundai Sonata,2016,8700,754290,автомат,белый,седан,2.0,газ,руль слева,0 км,Бишкек,https://www.mashina.kg/details/hyundai-sonata-63ca4bbf456e8164557095,7,207.0,13081.425120772949,0.33
Honda Airwave,2005,6401,555000,вариатор,серебристый,универсал,1.5,бензин,руль справа,225 000 км,Бишкек,https://www.mashina.kg/details/honda-airwave-63ca0f164fb97169435271,18,6.0,7698.5,0.17
Audi A6,2005,5700,494190,вариатор,черный,седан,2.4,бензин,руль слева,0 км,Бишкек,https://www.mashina.kg/details/audi-a6-63ca66777d9bc032389913,18,10.0,7067.0,0.19
BMW X5,2005,10000,867000,автомат,серебристый,внедорожник 5 дв.,3.0,дизель,руль слева,28 532 км,Бишкек,https://www.mashina.kg/details/bmw-x5-63c94bcdc3c99370890332,18,18.0,12150.0,0.18
Toyota Harrier,2005,10500,910350,автомат,серебристый,внедорожник 5 дв.,3.0,бензин,руль справа,157 000 км,Бишкек,https://www.mashina.kg/details/toyota-harrier-63c9de5c25866126879726,18,5.0,12580.0,0.17
Lexus LS,2007,10500,910350,автомат,серебристый,седан,4.6,бензин,руль слева,243 855 км,Бишкек,https://www.mashina.kg/details/lexus-ls-63c98673eb3d1240323650,16,15.0,12986.666666666666,0.19
Toyota Camry,2011,10600,919020,автомат,белый,седан,2.4,бензин,руль слева,205 000 км,Бишкек,https://www.mashina.kg/details/toyota-camry-63c9ddf3d495a623121389,12,31.0,12929.032258064515,0.18
Porsche Cayenne,2005,6500,563550,автомат,бежевый,внедорожник 5 дв.,3.2,бензин,руль слева,0 км,Бишкек,https://www.mashina.kg/details/porsche-cayenne-63c947aa6fd51890474213,18,4.0,8500.0,0.24
Audi A6,2005,5700,494190,вариатор,черный,седан,2.4,бензин,руль слева,0 км,Бишкек,https://www.mashina.kg/details/audi-a6-63ca66777d9bc032389913,18,9.0,7218.888888888889,0.21
Hyundai Sonata,2016,8700,754290,автомат,белый,седан,2.0,газ,руль слева,0 км,Бишкек,https://www.mashina.kg/details/hyundai-sonata-63ca4bbf456e8164557095,7,197.0,13102.56345177665,0.34
Toyota Camry,2011,10600,919020,автомат,белый,седан,2.4,бензин,руль слева,205 000 км,Бишкек,https://www.mashina.kg/details/toyota-camry-63c9ddf3d495a623121389,12,29.0,13041.379310344828,0.19
BMW X5,2005,10000,867000,автомат,серебристый,внедорожник 5 дв.,3.0,дизель,руль слева,28 532 км,Бишкек,https://www.mashina.kg/details/bmw-x5-63c94bcdc3c99370890332,18,17.0,12276.470588235294,0.19
Lexus LS,2007,10500,910350,автомат,серебристый,седан,4.6,бензин,руль слева,243 855 км,Бишкек,https://www.mashina.kg/details/lexus-ls-63c98673eb3d1240323650,16,14.0,13164.285714285714,0.2
Honda Airwave,2005,6401,555000,вариатор,серебристый,универсал,1.5,бензин,руль справа,225 000 км,Бишкек,https://www.mashina.kg/details/honda-airwave-63ca0f164fb97169435271,18,5.0,7958.0,0.2
Toyota Crown Majesta,2007,8000,693600,автомат,серебристый,седан,4.3,бензин,руль слева,240 000 км,Бишкек,https://www.mashina.kg/details/toyota-crown-majesta-63c7cf127dfa1451442341,16,8.0,9537.5,0.16
Subaru Legacy,2006,5700,494190,автомат,серебристый,седан,2.0,бензин,руль справа,0 км,Бишкек,https://www.mashina.kg/details/subaru-legacy-63c7cca806f9f205624535,17,8.0,7006.625,0.19
Honda Fit,2005,5700,494190,вариатор,белый,хэтчбек 5 дв.,1.3,бензин,руль справа,0 км,Бишкек,https://www.mashina.kg/details/honda-fit-63c7c88e45781176740924,18,66.0,7058.666666666667,0.19
Mercedes-Benz E-класс,2007,9200,797640,автомат,черный,седан,3.5,бензин,руль слева,250 000 км,Бишкек,https://www.mashina.kg/details/mercedes-benz-e-klass-63c7c19152d0e290107595,16,11.0,11318.181818181818,0.19
Toyota Corolla,2007,6300,546210,робот,белый,седан,1.6,бензин,руль слева,273 000 км,Бишкек,https://www.mashina.kg/details/toyota-corolla-63c8f983f02af446160761,16,5.0,7460.0,0.16
Kia Morning,2017,8500,736950,автомат,розовый,хэтчбек 5 дв.,1.0,бензин / газ,руль слева,0 км,Бишкек,https://www.mashina.kg/details/kia-morning-63c8f8494cecf685362349,6,13.0,10146.076923076924,0.16
Honda Fit,2005,4000,346800,вариатор,серебристый,хэтчбек 5 дв.,1.3,бензин,руль справа,150 000 км,Бишкек,https://www.mashina.kg/details/honda-fit-63c9382e87fef794521824,18,66.0,7058.666666666667,0.43
BMW X5,2005,10000,867000,автомат,серебристый,внедорожник 5 дв.,3.0,дизель,руль слева,28 532 км,Бишкек,https://www.mashina.kg/details/bmw-x5-63c94bcdc3c99370890332,18,16.0,12418.75,0.19
Lexus LS,2007,10500,910350,автомат,серебристый,седан,4.6,бензин,руль слева,243 855 км,Бишкек,https://www.mashina.kg/details/lexus-ls-63c98673eb3d1240323650,16,13.0,13369.23076923077,0.21
Toyota RAV4,2005,8800,762960,автомат,бирюзовый,внедорожник 5 дв.,2.4,бензин,руль слева,185 423 км,Бишкек,https://www.mashina.kg/details/toyota-rav4-63c91bf42fe5b141261906,18,10.0,10460.0,0.16
Kia K5 II Седан,2017,10500,910350,автомат,белый,седан,2.0,газ,руль слева,140 000 км,Бишкек,https://www.mashina.kg/details/kia-k5-63c9114456ca4009102023,6,24.0,14621.083333333334,0.28
Mercedes-Benz E-класс,2008,9000,780300,автомат,оранжевый,седан,2.1,дизель,руль слева,0 км,Бишкек,https://www.mashina.kg/details/mercedes-benz-e-klass-63c8530d08b5c129749478,15,5.0,10840.0,0.17
Toyota Crown Majesta,2007,8000,693600,автомат,серебристый,седан,4.3,бензин,руль слева,240 000 км,Бишкек,https://www.mashina.kg/details/toyota-crown-majesta-63c7cf127dfa1451442341,16,7.0,9757.142857142857,0.18
Subaru Legacy,2006,5700,494190,автомат,серебристый,седан,2.0,бензин,руль справа,0 км,Бишкек,https://www.mashina.kg/details/subaru-legacy-63c7cca806f9f205624535,17,7.0,7193.285714285715,0.21
Honda Fit,2005,5700,494190,вариатор,белый,хэтчбек 5 дв.,1.3,бензин,руль справа,0 км,Бишкек,https://www.mashina.kg/details/honda-fit-63c7c88e45781176740924,18,63.0,7095.158730158731,0.2
Mercedes-Benz E-класс,2007,9200,797640,автомат,черный,седан,3.5,бензин,руль слева,250 000 км,Бишкек,https://www.mashina.kg/details/mercedes-benz-e-klass-63c7c19152d0e290107595,16,10.0,11530.0,0.2
Chrysler 300C,2006,6500,563550,автомат,бежевый,седан,2.7,бензин,руль слева,186 000 км,Бишкек,https://www.mashina.kg/details/chrysler-300c-63c7b9f8697c4163476998,17,7.0,7742.857142857143,0.16
Kia Morning,2017,8500,736950,автомат,розовый,хэтчбек 5 дв.,1.0,бензин / газ,руль слева,0 км,Бишкек,https://www.mashina.kg/details/kia-morning-63c8f8494cecf685362349,6,11.0,10081.727272727272,0.16
Mercedes-Benz E-класс,2006,8500,736950,автомат,серебристый,седан,3.0,дизель,руль слева,0 км,Бишкек,https://www.mashina.kg/details/mercedes-benz-e-klass-63c69d89c2173439519818,17,10.0,10640.0,0.2
Honda Fit,2005,5700,494190,вариатор,белый,хэтчбек 5 дв.,1.3,бензин,руль справа,0 км,Бишкек,https://www.mashina.kg/details/honda-fit-63c7c88e45781176740924,18,59.0,7138.8983050847455,0.2
Mercedes-Benz E-класс,2007,9200,797640,автомат,черный,седан,3.5,бензин,руль слева,250 000 км,Бишкек,https://www.mashina.kg/details/mercedes-benz-e-klass-63c7c19152d0e290107595,16,9.0,11788.888888888889,0.22
Toyota Camry,2008,9000,780300,автомат,черный,седан,2.4,бензин,руль слева,195 000 км,Бишкек,https://www.mashina.kg/details/toyota-camry-63c68768ee870860761778,15,26.0,10980.76923076923,0.18
Honda Fit,2005,5500,476850,вариатор,серебристый,хэтчбек 5 дв.,1.3,бензин,руль справа,0 км,Бишкек,https://www.mashina.kg/details/honda-fit-63c637e861cb0935725615,18,59.0,7138.8983050847455,0.23
Toyota Crown Majesta,2007,8000,693600,автомат,серебристый,седан,4.3,бензин,руль слева,240 000 км,Бишкек,https://www.mashina.kg/details/toyota-crown-majesta-63c7cf127dfa1451442341,16,6.0,10050.0,0.2
Subaru Legacy,2006,5700,494190,автомат,серебристый,седан,2.0,бензин,руль справа,0 км,Бишкек,https://www.mashina.kg/details/subaru-legacy-63c7cca806f9f205624535,17,6.0,7442.166666666667,0.23
Chrysler 300C,2006,6500,563550,автомат,бежевый,седан,2.7,бензин,руль слева,186 000 км,Бишкек,https://www.mashina.kg/details/chrysler-300c-63c7b9f8697c4163476998,17,6.0,7950.0,0.18
Toyota Crown,2010,6000,520200,автомат,черный,седан,3.5,бензин,руль справа,100 000 км,Бишкек,https://www.mashina.kg/details/toyota-crown-63c63490c07bf340003329,13,13.0,11638.46153846154,0.48
Toyota Alphard,2007,8651,750000,автомат,белый,минивэн,2.4,бензин,руль слева,0 км,Бишкек,https://www.mashina.kg/details/toyota-alphard-63c7ebadcf154824036437,16,26.0,13523.076923076924,0.36
Toyota Mark X,2007,4600,398820,автомат,белый,седан,2.5,бензин,руль справа,165 000 км,Бишкек,https://www.mashina.kg/details/toyota-mark-x-63c7acd896fcf379610870,16,6.0,7637.833333333333,0.4
Toyota Crown,2010,6000,520200,автомат,черный,седан,3.5,бензин,руль справа,100 000 км,Бишкек,https://www.mashina.kg/details/toyota-crown-63c63490c07bf340003329,13,9.0,12166.0,0.51
Mercedes-Benz E-класс,2007,9200,797640,автомат,черный,седан,3.5,бензин,руль слева,250 000 км,Бишкек,https://www.mashina.kg/details/mercedes-benz-e-klass-63c7c19152d0e290107595,16,8.0,12112.0,0.24
Chrysler 300C,2006,6500,563550,автомат,бежевый,седан,2.7,бензин,руль слева,186 000 км,Бишкек,https://www.mashina.kg/details/chrysler-300c-63c7b9f8697c4163476998,17,5.0,8240.0,0.21
Toyota Mark X,2007,4600,398820,автомат,белый,седан,2.5,бензин,руль справа,165 000 км,Бишкек,https://www.mashina.kg/details/toyota-mark-x-63c7acd896fcf379610870,16,5.0,8245.0,0.44
Mercedes-Benz E-класс,2006,8500,736950,автомат,серебристый,седан,3.0,дизель,руль слева,0 км,Бишкек,https://www.mashina.kg/details/mercedes-benz-e-klass-63c69d89c2173439519818,17,8.0,11175.0,0.24
Honda Fit,2005,5500,476850,вариатор,серебристый,хэтчбек 5 дв.,1.3,бензин,руль справа,0 км,Бишкек,https://www.mashina.kg/details/honda-fit-63c637e861cb0935725615,18,52.0,7217.0,0.24
Toyota Crown Majesta,2007,8000,693600,автомат,серебристый,седан,4.3,бензин,руль слева,240 000 км,Бишкек,https://www.mashina.kg/details/toyota-crown-majesta-63c7cf127dfa1451442341,16,5.0,10460.0,0.24
Subaru Legacy,2006,5700,494190,автомат,серебристый,седан,2.0,бензин,руль справа,0 км,Бишкек,https://www.mashina.kg/details/subaru-legacy-63c7cca806f9f205624535,17,5.0,7790.0,0.27
Honda Fit,2005,5700,494190,вариатор,белый,хэтчбек 5 дв.,1.3,бензин,руль справа,0 км,Бишкек,https://www.mashina.kg/details/honda-fit-63c7c88e45781176740924,18,52.0,7217.0,0.21
Honda Jazz,2008,4500,390150,механика,серебристый,хэтчбек 5 дв.,1.3,бензин,руль слева,200 000 км,Бишкек,https://www.mashina.kg/details/honda-jazz-63c787325117b021704931,15,14.0,9116.0,0.51
Honda Jazz,2007,5850,507195,механика,черный,хэтчбек 5 дв.,1.3,бензин,руль слева,180 000 км,Бишкек,https://www.mashina.kg/details/honda-jazz-63c7c7e2694da328451975,16,15.0,8971.0,0.35
Toyota Camry,2008,9000,780300,автомат,черный,седан,2.4,бензин,руль слева,195 000 км,Бишкек,https://www.mashina.kg/details/toyota-camry-63c68768ee870860761778,15,22.0,11204.0,0.2
Audi A6,2005,6574,570000,вариатор,серебристый,седан,2.4,бензин,руль слева,300 000 км,Бишкек,https://www.mashina.kg/details/audi-a6-63c779573b3bd909182461,18,5.0,7734.0,0.15
Toyota Camry,2006,10000,867000,автомат,золотистый,седан,2.4,бензин,руль слева,270 000 км,Бишкек,https://www.mashina.kg/details/toyota-camry-63c7adbfeafc7026962261,17,26.0,11273.0,0.11
Toyota Camry,2011,11800,1023060,автомат,серый,седан,2.5,бензин,руль слева,120 000 км,Бишкек,https://www.mashina.kg/details/toyota-camry-63c630dbd9e7b196199007,12,18.0,13244.0,0.11
Honda Accord,2007,8600,745620,автомат,серый,седан,2.4,бензин,руль слева,196 000 км,Бишкек,https://www.mashina.kg/details/honda-accord-63c7ac671bfcd785731116,16,7.0,9880.0,0.13
Toyota Camry,2005,9500,823650,автомат,серебристый,седан,2.4,бензин,руль слева,200 000 км,Бишкек,https://www.mashina.kg/details/toyota-camry-63c661089a7aa568515379,18,34.0,10732.0,0.11
BMW 7 Серия,2007,9000,780300,автомат,черный,седан,4.0,бензин,руль слева,0 км,Бишкек,https://www.mashina.kg/details/bmw-7-seriya-63c5a01da0aea532611427,16,6.0,10616.0,0.15
Honda Inspire,2005,7900,684930,автомат,белый,седан,3.0,бензин,руль справа,217 000 км,Бишкек,https://www.mashina.kg/details/honda-inspire-63c79368dc035315453646,18,6.0,9391.0,0.16
Toyota Camry,2009,11300,979710,автомат,белый,седан,2.4,бензин,руль слева,160 000 км,Бишкек,https://www.mashina.kg/details/toyota-camry-63c62af7483b3279191001,14,20.0,12740.0,0.11
Chevrolet Volt,2013,11500,997050,вариатор,бордовый,хэтчбек 5 дв.,1.4,гибрид,руль слева,110 387 км,Бишкек,https://www.mashina.kg/details/chevrolet-volt-63c6d66d5ca4d962495278,10,15.0,13359.0,0.14
Hyundai Sonata,2016,11700,1014390,автомат,серебристый,седан,2.0,газ,руль слева,300 000 км,Бишкек,https://www.mashina.kg/details/hyundai-sonata-63c6d0b23c249090852294,7,145.0,13204.0,0.11
Honda Jazz,2011,9100,788970,вариатор,белый,хэтчбек 5 дв.,1.3,бензин,руль слева,0 км,Бишкек,https://www.mashina.kg/details/honda-jazz-63c6bfc4a97f5586959228,12,5.0,10800.0,0.16
Subaru Impreza,2007,6500,563550,автомат,серый,хэтчбек 5 дв.,2.0,бензин,руль слева,245 000 км,Бишкек,https://www.mashina.kg/details/subaru-impreza-63c6b96a72342957471868,16,4.0,7650.0,0.15
Toyota Alphard,2006,11000,953700,автомат,белый,минивэн,2.4,бензин,руль слева,0 км,Бишкек,https://www.mashina.kg/details/toyota-alphard-63c69bcb01ac1121488637,17,13.0,12640.0,0.13
Subaru Legacy,2010,9999,866913,механика,черный,универсал,2.5,бензин,руль слева,300 000 км,Бишкек,https://www.mashina.kg/details/subaru-legacy-63c65a6e80646944305129,13,11.0,12099.0,0.17
Mercedes-Benz E-класс,2006,8500,736780,автомат,серебристый,седан,3.0,дизель,руль слева,0 км,Бишкек,https://www.mashina.kg/details/mercedes-benz-e-klass-63c69d89c2173439519818,17,8.0,11175.0,0.24
Toyota Crown,2010,6000,520080,автомат,черный,седан,3.5,бензин,руль справа,100 000 км,Бишкек,https://www.mashina.kg/details/toyota-crown-63c63490c07bf340003329,13,9.0,12166.0,0.51
Honda Fit,2005,5500,476740,вариатор,серебристый,хэтчбек 5 дв.,1.3,бензин,руль справа,0 км,Бишкек,https://www.mashina.kg/details/honda-fit-63c637e861cb0935725615,18,52.0,7217.0,0.24
Toyota Camry,2008,9000,780120,автомат,черный,седан,2.4,бензин,руль слева,195 000 км,Бишкек,https://www.mashina.kg/details/toyota-camry-63c68768ee870860761778,15,20.0,11350.0,0.21
Honda Fit,2005,5500,476740,вариатор,серебристый,хэтчбек 5 дв.,1.3,бензин,руль справа,0 км,Бишкек,https://www.mashina.kg/details/honda-fit-63c637e861cb0935725615,18,49.0,7248.0,0.24
Mercedes-Benz E-класс,2006,8500,736780,автомат,серебристый,седан,3.0,дизель,руль слева,0 км,Бишкек,https://www.mashina.kg/details/mercedes-benz-e-klass-63c69d89c2173439519818,17,7.0,11557.0,0.26
Toyota Crown,2010,6000,520080,автомат,черный,седан,3.5,бензин,руль справа,100 000 км,Бишкек,https://www.mashina.kg/details/toyota-crown-63c63490c07bf340003329,13,7.0,12657.0,0.53
Toyota Camry,2008,9000,780120,автомат,черный,седан,2.4,бензин,руль слева,195 000 км,Бишкек,https://www.mashina.kg/details/toyota-camry-63c68768ee870860761778,15,16.0,11575.0,0.22
Mercedes-Benz E-класс,2006,8500,736780,автомат,серебристый,седан,3.0,дизель,руль слева,0 км,Бишкек,https://www.mashina.kg/details/mercedes-benz-e-klass-63c69d89c2173439519818,17,6.0,12066.0,0.3
Toyota Crown,2010,6000,520080,автомат,черный,седан,3.5,бензин,руль справа,100 000 км,Бишкек,https://www.mashina.kg/details/toyota-crown-63c63490c07bf340003329,13,5.0,13540.0,0.56
Honda Fit,2005,5500,476740,вариатор,серебристый,хэтчбек 5 дв.,1.3,бензин,руль справа,0 км,Бишкек,https://www.mashina.kg/details/honda-fit-63c637e861cb0935725615,18,44.0,7263.0,0.24
Mercedes-Benz E-класс,2006,8500,736780,автомат,серебристый,седан,3.0,дизель,руль слева,,Бишкек,https://www.mashina.kg/details/mercedes-benz-e-klass-63c69d89c2173439519818,17,6.0,12066.0,0.3
Honda Fit,2005,5500,476740,вариатор,серебристый,хэтчбек 5 дв.,1.3,бензин,руль справа,,Бишкек,https://www.mashina.kg/details/honda-fit-63c637e861cb0935725615,18,44.0,7263.0,0.24
